id,row,parameter,design value,unit,what to measure,after stitching,after wash,notes
"A1","A","satin width","0.8","mm","measured width (pull-in = design − measured), clean edges yes/no","","",""
"A2","A","satin width","1","mm","measured width (pull-in = design − measured), clean edges yes/no","","",""
"A3","A","satin width","1.5","mm","measured width (pull-in = design − measured), clean edges yes/no","","",""
"A4","A","satin width","2","mm","measured width (pull-in = design − measured), clean edges yes/no","","",""
"A5","A","satin width","3","mm","measured width (pull-in = design − measured), clean edges yes/no","","",""
"A6","A","satin width","4","mm","measured width (pull-in = design − measured), clean edges yes/no","","",""
"A7","A","satin width","6","mm","measured width (pull-in = design − measured), clean edges yes/no","","",""
"A8","A","satin width","8","mm","measured width (pull-in = design − measured), clean edges yes/no","","",""
"B1","B","fill row spacing","0.35","mm","fabric showing through yes/no, puckering 0–3, stiffness 0–3, size after unhooping","","",""
"B2","B","fill row spacing","0.38","mm","fabric showing through yes/no, puckering 0–3, stiffness 0–3, size after unhooping","","",""
"B3","B","fill row spacing","0.4","mm","fabric showing through yes/no, puckering 0–3, stiffness 0–3, size after unhooping","","",""
"B4","B","fill row spacing","0.42","mm","fabric showing through yes/no, puckering 0–3, stiffness 0–3, size after unhooping","","",""
"B5","B","fill row spacing","0.45","mm","fabric showing through yes/no, puckering 0–3, stiffness 0–3, size after unhooping","","",""
"B6","B","fill row spacing","0.5","mm","fabric showing through yes/no, puckering 0–3, stiffness 0–3, size after unhooping","","",""
"C1","C","run stitch length (single / triple below)","1.5","mm","stitches lie flat on curves yes/no, line reads at arm's length yes/no","","",""
"C2","C","run stitch length (single / triple below)","2","mm","stitches lie flat on curves yes/no, line reads at arm's length yes/no","","",""
"C3","C","run stitch length (single / triple below)","2.5","mm","stitches lie flat on curves yes/no, line reads at arm's length yes/no","","",""
"C4","C","run stitch length (single / triple below)","3","mm","stitches lie flat on curves yes/no, line reads at arm's length yes/no","","",""
"C5","C","run stitch length (single / triple below)","4","mm","stitches lie flat on curves yes/no, line reads at arm's length yes/no","","",""
"D-x","D","reference length along band (X)","50","mm","length after unhooping and after the specified wash → takeup / shrinkage X","","",""
"D-y","D","reference length across band (Y)","50","mm","length after unhooping and after wash → shrinkage Y","","",""
"E1","E","stitch angle (secure-code sheen channel)","0","°","phone photo under flash at 3 sweep positions; mean brightness per patch","","",""
"E2","E","stitch angle (secure-code sheen channel)","45","°","phone photo under flash at 3 sweep positions; mean brightness per patch","","",""
"E3","E","stitch angle (secure-code sheen channel)","90","°","phone photo under flash at 3 sweep positions; mean brightness per patch","","",""
"E4","E","stitch angle (secure-code sheen channel)","135","°","phone photo under flash at 3 sweep positions; mean brightness per patch","","",""
"F1","F","gap between columns","0.5","mm","gap stays open after stitching yes/no","","",""
"F2","F","gap between columns","0.8","mm","gap stays open after stitching yes/no","","",""
"F3","F","gap between columns","1","mm","gap stays open after stitching yes/no","","",""
"F4","F","gap between columns","1.5","mm","gap stays open after stitching yes/no","","",""
